{
    "MODE" : "PRODUCTION",
    "fWORDS" : {
        "like":1,
        "with":1,
        "on":1,
        "the":1,
        "kinda":1,
        "kind":1,
        "of":1,
        "in":1,
        "inside":1,
        "and":1
    },
    "MOVE_SCALE":10,
    "DEMO_COORDS":{"X":48.695030389703255,"Y":60.541586073500966},
    "LOCATIONS":{
        "1":{"X":12.835180550589916,"Y":48.484848484848484},
        "2":{"X":28.637826242402575,"Y":49.8388136686009},
        "3":{"X":40.11440829460136,"Y":50.03223726627982},
        "4":{"X":63.532356095816944,"Y":50.741457124435854},
        "5":{"X":76.7250625670361,"Y":51.64410058027079},
        "6":{"X":86.34250983196281,"Y":52.03094777562862},
        "7":{"X":5.398641401501609,"Y":34.17150225660864},
        "8":{"X":6.006435466571326,"Y":12.637008381689233},
        "9":{"X":13.764747944225956,"Y":26.627981947130884},
        "10":{"X":22.595638183768322,"Y":28.562217923920052},
        "11":{"X":31.56953879156239,"Y":28.433268858800776},
        "12":{"X":43.189131212012875,"Y":28.884590586718247},
        "13":{"X":35.03754022166607,"Y":13.088330109606705},
        "14":{"X":55.1662495530926,"Y":16.50548033526757},
        "15":{"X":54.70146585627458,"Y":29.464861379754996},
        "16":{"X":66.0707901322846,"Y":30.49645390070922},
        "17":{"X":74.75867000357526,"Y":31.334622823984525},
        "18":{"X":86.0207365033965,"Y":32.30174081237911},
        "19":{"X":94.27958526993207,"Y":19.148936170212767},
        "20":{"X":5.005362888809438,"Y":73.04964539007092},
        "21":{"X":12.978190918841618,"Y":63.829787234042556},
        "22":{"X":23.703968537718982,"Y":64.02321083172147},
        "23":{"X":19.91419377904898,"Y":75.62862669245648},
        "24":{"X":30.854486950303894,"Y":74.79045776918117},
        "25":{"X":39.077583124776545,"Y":77.49838813668602},
        "26":{"X":43.90418305327136,"Y":68.8588007736944},
        "27":{"X":53.87915623882732,"Y":71.63120567375887},
        "28":{"X":63.460850911691104,"Y":71.56673114119923},
        "29":{"X":67.03611011798355,"Y":86.9116698903933},
        "30":{"X":79.76403289238469,"Y":74.91940683430045},
        "31":{"X":84.44762245262781,"Y":66.79561573178594}
    },
    "NO_GO": [
        {
            "TL":{"X":3.8612799427958526,"Y":8.63958736299162},
            "TR":{"X":7.329281372899535,"Y":8.63958736299162},
            "BL":{"X":3.7540221666070788,"Y":30.04513217279175},
            "BR":{"X":7.400786557025385,"Y":30.238555770470665}
        },
        {
            "TL":{"X":7.329281372899535,"Y":8.63958736299162},
            "TR":{"X":23.274937432963892,"Y":9.090909090909092},
            "BL":{"X":7.472291741151234,"Y":15.409413281753706},
            "BR":{"X":23.13192706471219,"Y":15.731785944551902}
        },
        {
            "TL":{"X":23.274937432963892,"Y":9.090909090909092},
            "TR":{"X":37.933500178762955,"Y":9.671179883945841},
            "BL":{"X":23.13192706471219,"Y":15.731785944551902},
            "BR":{"X":37.897747586700035,"Y":16.50548033526757}
        },
        {
            "TL":{"X":8.437611726850196,"Y":17.472598323662154},
            "TR":{"X":19.056131569538792,"Y":17.859445519019985},
            "BL":{"X":8.723632463353594,"Y":37.20180528691167},
            "BR":{"X":19.163389345727566,"Y":38.10444874274662}
        },
        {
            "TL":{"X":3.7182695745441543,"Y":30.689877498388135},
            "TR":{"X":7.400786557025385,"Y":30.81882656350741},
            "BL":{"X":3.68251698248123,"Y":37.97549967762734},
            "BR":{"X":7.543796925277083,"Y":37.65312701482914}
        },
        {
            "TL":{"X":20.235967107615302,"Y":17.859445519019985},
            "TR":{"X":24.812298891669645,"Y":18.052869116698904},
            "BL":{"X":20.45048265999285,"Y":38.10444874274662},
            "BR":{"X":24.77654629960672,"Y":38.23339780786589}
        },
        {
            "TL":{"X":25.956381837683235,"Y":18.3752417794971},
            "TR":{"X":35.46657132642117,"Y":18.762088974854933},
            "BL":{"X":26.06363961387201,"Y":38.23339780786589},
            "BR":{"X":35.716839470861636,"Y":38.62024500322372}
        },
        {
            "TL":{"X":35.46657132642117,"Y":18.762088974854933},
            "TR":{"X":36.61065427243475,"Y":18.697614442295293},
            "BL":{"X":35.716839470861636,"Y":37.07285622179239},
            "BR":{"X":36.717912048623525,"Y":37.008381689232756}
        },
        {
            "TL":{"X":21.594565606006437,"Y":40.61895551257253},
            "TR":{"X":35.716839470861636,"Y":41.457124435847845},
            "BL":{"X":21.23703968537719,"Y":56.995486782720825},
            "BR":{"X":35.32356095816947,"Y":57.511283043197935}
        },
        {
            "TL":{"X":6.220951018948874,"Y":39.90973565441651},
            "TR":{"X":19.878441186986056,"Y":40.16763378465506},
            "BL":{"X":5.470146585627457,"Y":55.705996131528046},
            "BR":{"X":19.628173042545587,"Y":56.86653771760155}
        },
        {
            "TL":{"X":3.6110117983553804,"Y":58.6073500967118},
            "TR":{"X":7.222023596710761,"Y":59.18762088974855},
            "BL":{"X":3.432248838040758,"Y":78.65892972275951},
            "BR":{"X":7.0432606363961385,"Y":78.91682785299807}
        },
        {
            "TL":{"X":7.36503396496246,"Y":70.66408768536428},
            "TR":{"X":29.209867715409366,"Y":71.56673114119923},
            "BL":{"X":7.0432606363961385,"Y":78.91682785299807},
            "BR":{"X":28.959599570968898,"Y":79.88394584139265}
        },
        {
            "TL":{"X":29.245620307472294,"Y":68.214055448098},
            "TR":{"X":32.67786914551305,"Y":68.08510638297872},
            "BL":{"X":28.959599570968898,"Y":79.88394584139265},
            "BR":{"X":32.391848409009654,"Y":80.1418439716312}
        },
        {
            "TL":{"X":8.509116910976045,"Y":59.48762088974855},
            "TR":{"X":17.62602788702181,"Y":60.025789813023856},
            "BL":{"X":8.580622095101894,"Y":68.14958091553837},
            "BR":{"X":17.41151233464426,"Y":68.8588007736944}
        },
        {
            "TL":{"X":18.98462638541294,"Y":59.83236621534493},
            "TR":{"X":28.06578476939578,"Y":60.41263700838169},
            "BL":{"X":18.91312120128709,"Y":68.60090264345583},
            "BR":{"X":27.922774401144085,"Y":69.18117343649259}
        },
        {
            "TL":{"X":37.64747944225956,"Y":39.78078658929723},
            "TR":{"X":42.795852699320704,"Y":39.78078658929723},
            "BL":{"X":37.075437969252775,"Y":58.86524822695035},
            "BR":{"X":42.438326778691454,"Y":59.381044487427474}
        },
        {
            "TL":{"X":37.933500178762955,"Y":20.954223081882656},
            "TR":{"X":48.48051483732571,"Y":21.598968407479045},
            "BL":{"X":37.86199499463711,"Y":36.686009026434554},
            "BR":{"X":48.23024669288524,"Y":37.524177949709866}
        },
        {
            "TL":{"X":37.96925277082588,"Y":9.864603481624759},
            "TR":{"X":44.61923489452985,"Y":9.993552546744036},
            "BL":{"X":37.96925277082588,"Y":18.762088974854933},
            "BR":{"X":44.404719342152305,"Y":18.89103803997421}
        },
        {
            "TL":{"X":44.762245262781555,"Y":12.314635718891038},
            "TR":{"X":97.21129781909188,"Y":15.087040618955513},
            "BL":{"X":44.404719342152305,"Y":18.89103803997421},
            "BR":{"X":97.17554522702896,"Y":21.727917472598325}
        },
        {
            "TL":{"X":49.69610296746514,"Y":21.27659574468085},
            "TR":{"X":59.59957096889524,"Y":21.79239200515796},
            "BL":{"X":49.48158741508759,"Y":37.39522888459059},
            "BR":{"X":59.27779764032892,"Y":37.65312701482914}
        },
        {
            "TL":{"X":60.95816946728638,"Y":21.8568665377176},
            "TR":{"X":69.07400786557025,"Y":22.437137330754354},
            "BL":{"X":60.45763317840544,"Y":38.87814313346228},